Company,Slogan,Slogan_clean,Category
Costa Coffee,For coffee lovers.,For coffee lovers.,Food & Beverage
Evian,Evian. Live young.,Evian. Live young.,General
Dasani,Designed to make a difference.,Designed to make a difference.,General
Heineken,It's all about the beer.,It's all about the beer.,Food & Beverage
Gatorade,The Legend Continues.,The Legend Continues.,Food & Beverage
TÃ­o Pepe,Good food tastes better after a glass of Tio Pepe,Good food tastes better after a glass of Tio Pepe,General
Tetley's Brewery,Don't Do Things By Halves.,Don't Do Things By Halves.,General
Batemans Brewery,Good Honest Ales,Good Honest Ales,General
Jones Soda,Run with the little guyâ¦ create some change.,Run with the little guyâ¦ create some change.,General
Grapette,Thirsty or Not.,Thirsty or Not.,General
Jif (lemon juice),juice in a jiffy.,juice in a jiffy.,Food & Beverage
Royal Tru,Bring out the crazy!,Bring out the crazy!,General
Oronamin,Genki hatsuratsu.,Genki hatsuratsu.,General
Culligan,Hey Culligan!,Hey Culligan!,General
Belvedere Vodka,Belvedere Always Goes Down Smoothly.,Belvedere Always Goes Down Smoothly.,Food & Beverage
Wodka Gorbatschow,The Pure Spirit of Vodka.,The Pure Spirit of Vodka.,General
White Horse (whisky),you can take a white horse anywhere.,you can take a white horse anywhere.,General
Grand Old Parr,Make friends with Old Parr.,Make friends with Old Parr.,General
Clan Gregor,Royal is my race.,Royal is my race.,General
Finlandia (vodka),Vodka from a Purer Place.,Vodka from a Purer Place.,Food & Beverage
Colgate,"Stronger, healthier gums.","Stronger, healthier gums.",General
Fanta,"Drink Fanta, stay Bamboocha.","Drink Fanta, stay Bamboocha.",General
Pizza Hut,Make it great.,Make it great.,General
Head & Shoulders,Live head first.,Live head first.,General
Domino's Pizza,Pizza deliver experts.,Pizza deliver experts.,General
Ben & Jerry's,"Peace, love & ice cream.","Peace, love & ice cream.",General
Heineken,It's all about the beer.,It's all about the beer.,Food & Beverage
Gatorade,The Legend Continues.,The Legend Continues.,Food & Beverage
Milo,MILO Everyday!,MILO Everyday!,General
Starbucks,Customize Your Cup.,Customize Your Cup.,General
Audi,Vorsprung durch Technik.,Vorsprung durch Technik.,General
NIVEA,More evolved skincare.,More evolved skincare.,General
Snickers,Get some nuts!,Get some nuts!,General
Nescafe,It all starts with a NescafÃ©.,It all starts with a NescafÃ©.,General
KFC(Kentucky Fried Chicken),Finger Lickin' Good.,Finger Lickin' Good.,General
Levi's Jeans,Original jeans. original people.,Original jeans. original people.,General
Lipton,Be more tea.,Be more tea.,General
Dove (toiletries),The secret of beautiful hair.,The secret of beautiful hair.,General
Pampers,Discover your babyâs world.,Discover your babyâs world.,General
Coca-Cola,Taste The Feeling.,Taste The Feeling.,Food & Beverage
Beam Suntory,"For relaxing times, make it Suntory time.","For relaxing times, make it Suntory time.",General
Live+,Sharpen Up!,Sharpen Up!,General
Pussy (energy drink),100% natural.,100% natural.,General
Tango (drink),The Whole Fruit.,The Whole Fruit.,General
Tizer,The Great British Pop.,The Great British Pop.,General
Dr. Enuf,Enuf is Enough!,Enuf is Enough!,General
ToniCol,the different soft drink.,the different soft drink.,General
Campa Cola,The Great Indian Taste.,The Great Indian Taste.,Food & Beverage
Mezzo Mix,Cola Kisses orange.,Cola Kisses orange.,General
Bluna,How Bluna are you?,How Bluna are you?,General
Bionade,The official beverage of a better world.,The official beverage of a better world.,General
Oasis (drink),Be Fruit.,Be Fruit.,General
Slice (drink),"It's orange, only twisted.","It's orange, only twisted.",General
Rondo (soft drink),The Thirst Crusher!,The Thirst Crusher!,General
OK Soda,Everything is going to be OK.,Everything is going to be OK.,General
Jolt Cola,"All the sugar, twice the caffeine!","All the sugar, twice the caffeine!",Food & Beverage
Crystal Pepsi,You've never seen a taste like this.,You've never seen a taste like this.,Food & Beverage
Robinsons (drink),Real Fruit in Every Drop.,Real Fruit in Every Drop.,General
Yazoo (drink),Milk shaken up.,Milk shaken up.,General
Bubble Up,"kiss of lemon, kiss of lime.","kiss of lemon, kiss of lime.",General
Colgate,"Stronger, healthier gums.","Stronger, healthier gums.",General
Fanta,"Drink Fanta, stay Bamboocha.","Drink Fanta, stay Bamboocha.",General
Pizza Hut,Make it great.,Make it great.,General
Head & Shoulders,Live head first.,Live head first.,General
Domino's Pizza,Pizza deliver experts.,Pizza deliver experts.,General
Ben & Jerry's,"Peace, love & ice cream.","Peace, love & ice cream.",General
Heineken,It's all about the beer.,It's all about the beer.,Food & Beverage
Gatorade,The Legend Continues.,The Legend Continues.,Food & Beverage
Milo,MILO Everyday!,MILO Everyday!,General
Starbucks,Customize Your Cup.,Customize Your Cup.,General
Audi,Vorsprung durch Technik.,Vorsprung durch Technik.,General
NIVEA,More evolved skincare.,More evolved skincare.,General
Snickers,Get some nuts!,Get some nuts!,General
Nescafe,It all starts with a NescafÃ©.,It all starts with a NescafÃ©.,General
KFC(Kentucky Fried Chicken),Finger Lickin' Good.,Finger Lickin' Good.,General
Levi's Jeans,Original jeans. original people.,Original jeans. original people.,General
Lipton,Be more tea.,Be more tea.,General
Dove (toiletries),The secret of beautiful hair.,The secret of beautiful hair.,General
Pampers,Discover your babyâs world.,Discover your babyâs world.,General
Coca-Cola,Taste The Feeling.,Taste The Feeling.,Food & Beverage
Mecca-Cola,Shake your Conscience.,Shake your Conscience.,Food & Beverage
SodaStream,Get busy with the fizzy.,Get busy with the fizzy.,General
Monster Energy,Unleash the Beast.,Unleash the Beast.,General
Dr. Brown's,Taste of the Town.,Taste of the Town.,General
Cheerwine,Uniquely Southern.,Uniquely Southern.,General
Vernors,Deliciously Different.,Deliciously Different.,General
Gini (soft drink),The hottest of cold drinks.,The hottest of cold drinks.,General
Moxie,Just Make It Moxie for Mine.,Just Make It Moxie for Mine.,General
Mello Yello,Make The Mello Yello Move.,Make The Mello Yello Move.,General
Limca,It's veri veri Lime & Lemoni.,It's veri veri Lime & Lemoni.,General
Lilt,the totally tropical taste.,the totally tropical taste.,General
Inca Kola,Let's go for more.,Let's go for more.,General
Fresca,Nothing tastes like Fresca.,Nothing tastes like Fresca.,General
Barq's,Barq's has bite!,Barq's has bite!,General
Pepsi Zero Sugar,Get Buckets.,Get Buckets.,Food & Beverage
Horlicks,the food drink of the night.,the food drink of the night.,General
Woodroofe,Still the best lemonade made.,Still the best lemonade made.,General
Konig's Westphalian Gin,The only perfect gin.,The only perfect gin.,General
Evoca Cola,The original Black Seed Cola.,The original Black Seed Cola.,Food & Beverage
Jolly Cola,Free your taste.,Free your taste.,Food & Beverage
Colgate,"Stronger, healthier gums.","Stronger, healthier gums.",General
Fanta,"Drink Fanta, stay Bamboocha.","Drink Fanta, stay Bamboocha.",General
Pizza Hut,Make it great.,Make it great.,General
Head & Shoulders,Live head first.,Live head first.,General
Domino's Pizza,Pizza deliver experts.,Pizza deliver experts.,General
Ben & Jerry's,"Peace, love & ice cream.","Peace, love & ice cream.",General
Heineken,It's all about the beer.,It's all about the beer.,Food & Beverage
Gatorade,The Legend Continues.,The Legend Continues.,Food & Beverage
Milo,MILO Everyday!,MILO Everyday!,General
Starbucks,Customize Your Cup.,Customize Your Cup.,General
Audi,Vorsprung durch Technik.,Vorsprung durch Technik.,General
NIVEA,More evolved skincare.,More evolved skincare.,General
Snickers,Get some nuts!,Get some nuts!,General
Nescafe,It all starts with a NescafÃ©.,It all starts with a NescafÃ©.,General
KFC(Kentucky Fried Chicken),Finger Lickin' Good.,Finger Lickin' Good.,General
Levi's Jeans,Original jeans. original people.,Original jeans. original people.,General
Lipton,Be more tea.,Be more tea.,General
Dove (toiletries),The secret of beautiful hair.,The secret of beautiful hair.,General
Pampers,Discover your babyâs world.,Discover your babyâs world.,General
Coca-Cola,Taste The Feeling.,Taste The Feeling.,Food & Beverage
Sunkist (soft drink),Good Vibrations.,Good Vibrations.,General
Pluto Water,"When Nature Won't, PLUTO Will.","When Nature Won't, PLUTO Will.",General
Shasta (soft drink),It hasta be Shasta!,It hasta be Shasta!,General
Taut,The first clean sports drink.,The first clean sports drink.,General
Codorniu,The Culture of Pleasure.,The Culture of Pleasure.,General
Jacob's Creek,Say when.,Say when.,General
Wolf Blass,Australian wine at its peak.,Australian wine at its peak.,General
Sutter Home Winery,Taste the Commitment.,Taste the Commitment.,General
Blavod,Outrageously Smooth.,Outrageously Smooth.,General
Patron Tequila,Simply perfect.,Simply perfect.,General
Malibu (rum),Seriously easy going.,Seriously easy going.,General
Tanqueray,Ready to Tanqueray?,Ready to Tanqueray?,General
Dreher Breweries,Itâs whatâs inside that truly counts.,Itâs whatâs inside that truly counts.,General
Staropramen Brewery,Get A Taste Of Prague.,Get A Taste Of Prague.,General
Adnams,"Southwold, by the pint.","Southwold, by the pint.",General
Carlton Cold,Nothingâs as fresh as a Coldie.,Nothingâs as fresh as a Coldie.,General
Schaefer Beer,Americaâs Oldest Lager Beer.,Americaâs Oldest Lager Beer.,Food & Beverage
Minute Maid,Loaded with Taste.,Loaded with Taste.,General
Harp Lager,Look on the Harp side.,Look on the Harp side.,General
Poland Spring,Born Better.,Born Better.,General
Colgate,"Stronger, healthier gums.","Stronger, healthier gums.",General
Fanta,"Drink Fanta, stay Bamboocha.","Drink Fanta, stay Bamboocha.",General
Pizza Hut,Make it great.,Make it great.,General
Head & Shoulders,Live head first.,Live head first.,General
Domino's Pizza,Pizza deliver experts.,Pizza deliver experts.,General
Ben & Jerry's,"Peace, love & ice cream.","Peace, love & ice cream.",General
Heineken,It's all about the beer.,It's all about the beer.,Food & Beverage
Gatorade,The Legend Continues.,The Legend Continues.,Food & Beverage
Milo,MILO Everyday!,MILO Everyday!,General
Starbucks,Customize Your Cup.,Customize Your Cup.,General
Audi,Vorsprung durch Technik.,Vorsprung durch Technik.,General
NIVEA,More evolved skincare.,More evolved skincare.,General
Snickers,Get some nuts!,Get some nuts!,General
Nescafe,It all starts with a NescafÃ©.,It all starts with a NescafÃ©.,General
KFC(Kentucky Fried Chicken),Finger Lickin' Good.,Finger Lickin' Good.,General
Levi's Jeans,Original jeans. original people.,Original jeans. original people.,General
Lipton,Be more tea.,Be more tea.,General
Dove (toiletries),The secret of beautiful hair.,The secret of beautiful hair.,General
Pampers,Discover your babyâs world.,Discover your babyâs world.,General
Coca-Cola,Taste The Feeling.,Taste The Feeling.,Food & Beverage
Appy Fizz,Cool Drink to Hang Around With.,Cool Drink to Hang Around With.,General
Joseph Schlitz Brewing Company,The beer that made Milwaukee famous.,The beer that made Milwaukee famous.,General
Frooti,Juice Up your Life.,Juice Up your Life.,General
Cointreau,Be cointreauversial.,Be cointreauversial.,General
Disaronno,Taste the seduction,Taste the seduction,General
Norrlands Guld,Be yourself for a while,Be yourself for a while,General
Mackeson Beer,king of the night.,king of the night.,Food & Beverage
Tuborg,Beer YOURSELF,Beer YOURSELF,General
Cafe Britt,From our plantation to your cup!,From our plantation to your cup!,General
Boost (drink),Refresh yourself.,Refresh yourself.,General
Shloer,Get your sparkle!,Get your sparkle!,General
Grey Goose (vodka),The worldâs best tasting vodka.,The worldâs best tasting vodka.,Food & Beverage
Ballantine's,Play in moderation.,Play in moderation.,General
Jose Cuervo,Donât let go.,Donât let go.,General
Black Velvet (whisky),Feel the Velvet,Feel the Velvet,General
Houghton Wines,Perfect for when friends drop in.,Perfect for when friends drop in.,General
Lindeman's,You make me smile.,You make me smile.,General
United Breweries,The King of Good Times.,The King of Good Times.,General
Caribou Coffee,Stay awake for it,Stay awake for it,Food & Beverage
RicorÃ©,Friend RicorÃ©.,Friend RicorÃ©.,General
Colgate,"Stronger, healthier gums.","Stronger, healthier gums.",General
Fanta,"Drink Fanta, stay Bamboocha.","Drink Fanta, stay Bamboocha.",General
Pizza Hut,Make it great.,Make it great.,General
Head & Shoulders,Live head first.,Live head first.,General
Domino's Pizza,Pizza deliver experts.,Pizza deliver experts.,General
Ben & Jerry's,"Peace, love & ice cream.","Peace, love & ice cream.",General
Heineken,It's all about the beer.,It's all about the beer.,Food & Beverage
Gatorade,The Legend Continues.,The Legend Continues.,Food & Beverage
Milo,MILO Everyday!,MILO Everyday!,General
Starbucks,Customize Your Cup.,Customize Your Cup.,General
Audi,Vorsprung durch Technik.,Vorsprung durch Technik.,General
NIVEA,More evolved skincare.,More evolved skincare.,General
Snickers,Get some nuts!,Get some nuts!,General
Nescafe,It all starts with a NescafÃ©.,It all starts with a NescafÃ©.,General
KFC(Kentucky Fried Chicken),Finger Lickin' Good.,Finger Lickin' Good.,General
Levi's Jeans,Original jeans. original people.,Original jeans. original people.,General
Lipton,Be more tea.,Be more tea.,General
Dove (toiletries),The secret of beautiful hair.,The secret of beautiful hair.,General
Pampers,Discover your babyâs world.,Discover your babyâs world.,General
Coca-Cola,Taste The Feeling.,Taste The Feeling.,Food & Beverage
Horn & Hardart,Less Work for Mother.,Less Work for Mother.,General
High Point (coffee),Decaffeinate the ones you love.,Decaffeinate the ones you love.,Food & Beverage
Guglielmo coffee,the coffee that hits the spot.,the coffee that hits the spot.,Food & Beverage
Postum,There's a Reason.,There's a Reason.,General
MiO,Flip it. Tip it. Sip it!,Flip it. Tip it. Sip it!,General
Gold Spot,The Zing Thing.,The Zing Thing.,General
Frugo,Let's Frugo.,Let's Frugo.,General
Double Diamond Beer,Iâm only here for the beer.,Iâm only here for the beer.,Food & Beverage
Gilbey's gin,Taste the smoothest gin today.,Taste the smoothest gin today.,General
Go Fast!,Pure Energy.,Pure Energy.,General
Haig (whisky),"Donât Be Vague, Ask For A Haig.","Donât Be Vague, Ask For A Haig.",General
A Twosome Place,"A cup of coffee, TWO of us","A cup of coffee, TWO of us",General
Tiger Energy Drink,Power is back!,Power is back!,General
Um Bongo,The great flavour of the jungle,The great flavour of the jungle,General
Super Bock,The beer that goes beyond your expectations,The beer that goes beyond your expectations,General
Bell's whisky,Afore ye go.,Afore ye go.,General
Irn-Bru,Gets you through.,Gets you through.,General
Apollinaris (water),âThe Queen of Table Waters.,âThe Queen of Table Waters.,General
Licher Brewery,From the Heart of Nature,From the Heart of Nature,General
Bitburger Brewery,Bitte ein Bit.,Bitte ein Bit.,General
Colgate,"Stronger, healthier gums.","Stronger, healthier gums.",General
Fanta,"Drink Fanta, stay Bamboocha.","Drink Fanta, stay Bamboocha.",General
Pizza Hut,Make it great.,Make it great.,General
Head & Shoulders,Live head first.,Live head first.,General
Domino's Pizza,Pizza deliver experts.,Pizza deliver experts.,General
Ben & Jerry's,"Peace, love & ice cream.","Peace, love & ice cream.",General
Heineken,It's all about the beer.,It's all about the beer.,Food & Beverage
Gatorade,The Legend Continues.,The Legend Continues.,Food & Beverage
Milo,MILO Everyday!,MILO Everyday!,General
Starbucks,Customize Your Cup.,Customize Your Cup.,General
Audi,Vorsprung durch Technik.,Vorsprung durch Technik.,General
NIVEA,More evolved skincare.,More evolved skincare.,General
Snickers,Get some nuts!,Get some nuts!,General
Nescafe,It all starts with a NescafÃ©.,It all starts with a NescafÃ©.,General
KFC(Kentucky Fried Chicken),Finger Lickin' Good.,Finger Lickin' Good.,General
Levi's Jeans,Original jeans. original people.,Original jeans. original people.,General
Lipton,Be more tea.,Be more tea.,General
Dove (toiletries),The secret of beautiful hair.,The secret of beautiful hair.,General
Pampers,Discover your babyâs world.,Discover your babyâs world.,General
Coca-Cola,Taste The Feeling.,Taste The Feeling.,Food & Beverage
Banania,the y'a bon buddy.,the y'a bon buddy.,General
Nabob (coffee),"Better beans, better coffee, better planet.","Better beans, better coffee, better planet.",Food & Beverage
Carling Black Label,"Hey Mabel, Black Label!","Hey Mabel, Black Label!",General
Solo,Game On.,Game On.,General
Milo,MILO Everyday!,MILO Everyday!,General
Manischewitz,Man-O-Manischewitz What a Wine!,Man-O-Manischewitz What a Wine!,General
National Bohemian,What a beer!,What a beer!,General
Christian Schmidt Brewing Company,One Beautiful Beer.,One Beautiful Beer.,General
Camp Coffee,Ready aye ready.,Ready aye ready.,Food & Beverage
Luzianne,Take a fresh look at your iced tea.,Take a fresh look at your iced tea.,General
5-hour Energy,Hours and hours of energy.,Hours and hours of energy.,General
Full Throttle,Feel the energy at work.,Feel the energy at work.,General
V Energy,It all starts with V.,It all starts with V.,General
Relentless (drink),Be Relentless.,Be Relentless.,General
NOS (drink),You only live NOS.,You only live NOS.,General
Vault (drink),"Get it done, and then some.","Get it done, and then some.",General
Hype Energy Drinks,Feel the Hype.,Feel the Hype.,General
Goodricke tea,The tea people.,The tea people.,General
BOH tea,Share the Ummph!,Share the Ummph!,General
Tavalon Tea,The future of tea.,The future of tea.,General
Colgate,"Stronger, healthier gums.","Stronger, healthier gums.",General
Fanta,"Drink Fanta, stay Bamboocha.","Drink Fanta, stay Bamboocha.",General
Pizza Hut,Make it great.,Make it great.,General
Head & Shoulders,Live head first.,Live head first.,General
Domino's Pizza,Pizza deliver experts.,Pizza deliver experts.,General
Ben & Jerry's,"Peace, love & ice cream.","Peace, love & ice cream.",General
Heineken,It's all about the beer.,It's all about the beer.,Food & Beverage
Gatorade,The Legend Continues.,The Legend Continues.,Food & Beverage
Milo,MILO Everyday!,MILO Everyday!,General
Starbucks,Customize Your Cup.,Customize Your Cup.,General
Audi,Vorsprung durch Technik.,Vorsprung durch Technik.,General
NIVEA,More evolved skincare.,More evolved skincare.,General
Snickers,Get some nuts!,Get some nuts!,General
Nescafe,It all starts with a NescafÃ©.,It all starts with a NescafÃ©.,General
KFC(Kentucky Fried Chicken),Finger Lickin' Good.,Finger Lickin' Good.,General
Levi's Jeans,Original jeans. original people.,Original jeans. original people.,General
Lipton,Be more tea.,Be more tea.,General
Dove (toiletries),The secret of beautiful hair.,The secret of beautiful hair.,General
Pampers,Discover your babyâs world.,Discover your babyâs world.,General
Coca-Cola,Taste The Feeling.,Taste The Feeling.,Food & Beverage
Diet Coke,Light it up!,Light it up!,General
E & J Gallo Winery,The new art of wine.,The new art of wine.,General
Greene King,Beer to Dine For.,Beer to Dine For.,General
Tapal Tea,Differ tastefully.,Differ tastefully.,General
Thums Up,Taste The Thunder.,Taste The Thunder.,General
Tropicana,Straight from the fruit.,Straight from the fruit.,General
V8 Vegetable Juice,Drink Your Vegetables.,Drink Your Vegetables.,Food & Beverage
Vittoria Coffee,Where our expertise is still a family traditi,Where our expertise is still a family traditi,Food & Beverage
Cutty Sark (whisky),Live a Cutty above.,Live a Cutty above.,General
Dewar's,It never varies.,It never varies.,General
Chivas Regal,This is Chivas Life.,This is Chivas Life.,General
Appleton Jamaica Rum,Raise your Rum!,Raise your Rum!,Technology
Kahlua,Awaken the spirit.,Awaken the spirit.,General
Courage Brewery,Take Courage.,Take Courage.,General
Kronenbourg,Sit. Savour. 1664.,Sit. Savour. 1664.,General
Bass Brewery,A little bit of better.,A little bit of better.,General
Labatt Brewing Company,Good things brewing.,Good things brewing.,General
Kokanee beer,Straight from the Kootenays.,Straight from the Kootenays.,Food & Beverage
Old Milwaukee,Taste as great as it's name.,Taste as great as it's name.,General
Foster's Lager,Australian for beer.,Australian for beer.,General
Colgate,"Stronger, healthier gums.","Stronger, healthier gums.",General
Fanta,"Drink Fanta, stay Bamboocha.","Drink Fanta, stay Bamboocha.",General
Pizza Hut,Make it great.,Make it great.,General
Head & Shoulders,Live head first.,Live head first.,General
Domino's Pizza,Pizza deliver experts.,Pizza deliver experts.,General
Ben & Jerry's,"Peace, love & ice cream.","Peace, love & ice cream.",General
Heineken,It's all about the beer.,It's all about the beer.,Food & Beverage
Gatorade,The Legend Continues.,The Legend Continues.,Food & Beverage
Milo,MILO Everyday!,MILO Everyday!,General
Starbucks,Customize Your Cup.,Customize Your Cup.,General
Audi,Vorsprung durch Technik.,Vorsprung durch Technik.,General
NIVEA,More evolved skincare.,More evolved skincare.,General
Snickers,Get some nuts!,Get some nuts!,General
Nescafe,It all starts with a NescafÃ©.,It all starts with a NescafÃ©.,General
KFC(Kentucky Fried Chicken),Finger Lickin' Good.,Finger Lickin' Good.,General
Levi's Jeans,Original jeans. original people.,Original jeans. original people.,General
Lipton,Be more tea.,Be more tea.,General
Dove (toiletries),The secret of beautiful hair.,The secret of beautiful hair.,General
Pampers,Discover your babyâs world.,Discover your babyâs world.,General
Coca-Cola,Taste The Feeling.,Taste The Feeling.,Food & Beverage
Amstel Brewery,Taste life. Pure Filtered.,Taste life. Pure Filtered.,General
Guinness,Guinness is Good for You.,Guinness is Good for You.,General
Seattle's Best Coffee,Great coffee everywhere.,Great coffee everywhere.,Food & Beverage
Saxbys Coffee,Start your day fresh.,Start your day fresh.,Food & Beverage
Tchibo,Passionate about coffee.,Passionate about coffee.,General
Brim coffee,Fill it to the rim with Brim.,Fill it to the rim with Brim.,Food & Beverage
Sanka coffee,One fiddler you won't have to pay.,One fiddler you won't have to pay.,Food & Beverage
Bombay Sapphire,Pour something priceless.,Pour something priceless.,General
Hendrick's Gin,A most unusual gin.,A most unusual gin.,General
Gordon's Gin,Re-mix yourself.,Re-mix yourself.,General
Beefeater Gin,Make it a double.,Make it a double.,General
Baileys Irish Cream,The Pleasure Society.,The Pleasure Society.,General
Captain Morgan,Enjoy the contradiction.,Enjoy the contradiction.,General
Sauza Tequila,Fun is calling.,Fun is calling.,General
Wyborowa Vodka,Exquisite wodka.,Exquisite wodka.,Food & Beverage
Canadian Club,âNo ordinary Whisky.,âNo ordinary Whisky.,General
Arbor Mist,Just what you've been looking for.,Just what you've been looking for.,General
Aqua Pura,Be the best you can be.,Be the best you can be.,General
Bisleri,The sweet taste of purity.,The sweet taste of purity.,General
Evan Williams,Aged longer to taste smoother.,Aged longer to taste smoother.,General
Colgate,"Stronger, healthier gums.","Stronger, healthier gums.",General
Fanta,"Drink Fanta, stay Bamboocha.","Drink Fanta, stay Bamboocha.",General
Pizza Hut,Make it great.,Make it great.,General
Head & Shoulders,Live head first.,Live head first.,General
Domino's Pizza,Pizza deliver experts.,Pizza deliver experts.,General
Ben & Jerry's,"Peace, love & ice cream.","Peace, love & ice cream.",General
Heineken,It's all about the beer.,It's all about the beer.,Food & Beverage
Gatorade,The Legend Continues.,The Legend Continues.,Food & Beverage
Milo,MILO Everyday!,MILO Everyday!,General
Starbucks,Customize Your Cup.,Customize Your Cup.,General
Audi,Vorsprung durch Technik.,Vorsprung durch Technik.,General
NIVEA,More evolved skincare.,More evolved skincare.,General
Snickers,Get some nuts!,Get some nuts!,General
Nescafe,It all starts with a NescafÃ©.,It all starts with a NescafÃ©.,General
KFC(Kentucky Fried Chicken),Finger Lickin' Good.,Finger Lickin' Good.,General
Levi's Jeans,Original jeans. original people.,Original jeans. original people.,General
Lipton,Be more tea.,Be more tea.,General
Dove (toiletries),The secret of beautiful hair.,The secret of beautiful hair.,General
Pampers,Discover your babyâs world.,Discover your babyâs world.,General
Coca-Cola,Taste The Feeling.,Taste The Feeling.,Food & Beverage
Jamba Juice,Good tidings we blend.,Good tidings we blend.,Food & Beverage
Lyons tea,Puts the talk into tea.,Puts the talk into tea.,General
Brooke Bond,Cheers your senses.,Cheers your senses.,General
Bushells,"Our tea, our way.","Our tea, our way.",General
Fanta,"Drink Fanta, stay Bamboocha.","Drink Fanta, stay Bamboocha.",General
Sierra Mist,It's that refreshing.,It's that refreshing.,General
Sprite,Obey Your Thirst.,Obey Your Thirst.,General
Kenco,Growing great coffee and more.,Growing great coffee and more.,General
Lavazza,Good karma. Great coffee.,Good karma. Great coffee.,General
Moccona coffee,Wake up to something special.,Wake up to something special.,Food & Beverage
Nescafe,It all starts with a NescafÃ©.,It all starts with a NescafÃ©.,General
Melitta,Coffee indulgence.,Coffee indulgence.,General
Eight O'Clock Coffee,For Those Who Put Coffee First.,For Those Who Put Coffee First.,Food & Beverage
Douwe Egberts,No ordinary jar. No ordinary coffee.,No ordinary jar. No ordinary coffee.,General
Gevalia coffee,Let's coffee.,Let's coffee.,Food & Beverage
Folgers,The best part of wakin' up.,The best part of wakin' up.,General
Gold Peak Tea,Home brewed taste.,Home brewed taste.,General
Honest Tea,Refreshingly Honest.,Refreshingly Honest.,General
Lucozade,Lucozade aids recovery.,Lucozade aids recovery.,General
Powerade,The power of love.,The power of love.,General
Colgate,"Stronger, healthier gums.","Stronger, healthier gums.",General
Fanta,"Drink Fanta, stay Bamboocha.","Drink Fanta, stay Bamboocha.",General
Pizza Hut,Make it great.,Make it great.,General
Head & Shoulders,Live head first.,Live head first.,General
Domino's Pizza,Pizza deliver experts.,Pizza deliver experts.,General
Ben & Jerry's,"Peace, love & ice cream.","Peace, love & ice cream.",General
Heineken,It's all about the beer.,It's all about the beer.,Food & Beverage
Gatorade,The Legend Continues.,The Legend Continues.,Food & Beverage
Milo,MILO Everyday!,MILO Everyday!,General
Starbucks,Customize Your Cup.,Customize Your Cup.,General
Audi,Vorsprung durch Technik.,Vorsprung durch Technik.,General
NIVEA,More evolved skincare.,More evolved skincare.,General
Snickers,Get some nuts!,Get some nuts!,General
Nescafe,It all starts with a NescafÃ©.,It all starts with a NescafÃ©.,General
KFC(Kentucky Fried Chicken),Finger Lickin' Good.,Finger Lickin' Good.,General
Levi's Jeans,Original jeans. original people.,Original jeans. original people.,General
Lipton,Be more tea.,Be more tea.,General
Dove (toiletries),The secret of beautiful hair.,The secret of beautiful hair.,General
Pampers,Discover your babyâs world.,Discover your babyâs world.,General
Coca-Cola,Taste The Feeling.,Taste The Feeling.,Food & Beverage
Yogi Tea,How good can you feel?,How good can you feel?,General
Celestial Seasonings,Make any moment Celestial.,Make any moment Celestial.,General
Barry's Tea,Every day should have its golden moments.,Every day should have its golden moments.,General
Clipper tea,Britain's favourite green tea.,Britain's favourite green tea.,General
Dilmah,The finest tea on earth.,The finest tea on earth.,General
Kericho Gold,A Matter of Good Taste,A Matter of Good Taste,General
PG Tips tea,Put the kettle on.,Put the kettle on.,General
Punjana tea,Everyone's cup of tea.,Everyone's cup of tea.,General
Yorkshire Tea,Let's have a proper brew.,Let's have a proper brew.,General
Red Rose Tea,Red Rose Tea is good tea.,Red Rose Tea is good tea.,General
Twinings tea,Gets you back to you.,Gets you back to you.,General
Tazo Tea,It begins with tea.,It begins with tea.,General
Zealong tea,100% pure New Zealand tea.,100% pure New Zealand tea.,General
Ten Ren Tea,Ten Ren's. Tea time.,Ten Ren's. Tea time.,General
Tetley tea,"Make time, make Tetley.","Make time, make Tetley.",General
Lipton,Be more tea.,Be more tea.,General
Badoit,The petillant table water.,The petillant table water.,General
Vittel,It must be the water.,It must be the water.,General
Perrier,Perrier. The ultimate refreshment.,Perrier. The ultimate refreshment.,General
Donat Mg,More than magnesium.,More than magnesium.,General
Fanta,"Drink Fanta, stay Bamboocha.","Drink Fanta, stay Bamboocha.",General
Colgate,"Stronger, healthier gums.","Stronger, healthier gums.",General
Pizza Hut,Make it great.,Make it great.,General
Domino's Pizza,Pizza deliver experts.,Pizza deliver experts.,General
Ben & Jerry's,"Peace, love & ice cream.","Peace, love & ice cream.",General
Head & Shoulders,Live head first.,Live head first.,General
Heineken,It's all about the beer.,It's all about the beer.,Food & Beverage
Gatorade,The Legend Continues.,The Legend Continues.,Food & Beverage
Milo,MILO Everyday!,MILO Everyday!,General
Starbucks,Customize Your Cup.,Customize Your Cup.,General
Audi,Vorsprung durch Technik.,Vorsprung durch Technik.,General
Snickers,Get some nuts!,Get some nuts!,General
NIVEA,More evolved skincare.,More evolved skincare.,General
KFC(Kentucky Fried Chicken),Finger Lickin' Good.,Finger Lickin' Good.,General
Nescafe,It all starts with a NescafÃ©.,It all starts with a NescafÃ©.,General
Levi's Jeans,Original jeans. original people.,Original jeans. original people.,General
Dove (toiletries),The secret of beautiful hair.,The secret of beautiful hair.,General
Lipton,Be more tea.,Be more tea.,General
Pampers,Discover your babyâs world.,Discover your babyâs world.,General
Coca-Cola,Taste The Feeling.,Taste The Feeling.,Food & Beverage
Naya Waters,Hungry for life. Thirsty for Naya.,Hungry for life. Thirsty for Naya.,General
S.Pellegrino,S. Pellegrino. Live in Italian.,S. Pellegrino. Live in Italian.,General
Volvic,Filled with volcanicity.,Filled with volcanicity.,General
Aquafina,Make your body happy.,Make your body happy.,General
Don Julio,Know your tequila.,Know your tequila.,General
Olmeca Tequila,Switch on the night.,Switch on the night.,General
Jameson Irish Whiskey,The spirit of Ireland.,The spirit of Ireland.,General
Glenfiddich,Single source of inspiration.,Single source of inspiration.,General
Stolichnaya vodka,Exquisite wodka.,Exquisite wodka.,Food & Beverage
Smirnoff vodka,The greatest name in Vodka.,The greatest name in Vodka.,Food & Beverage
Tree Top,Nurtured from the start.,Nurtured from the start.,General
Grolsch Brewery,No Oneâs Ever Changed The World By Being Boaring.,No Oneâs Ever Changed The World By Being Boaring.,General
Remy Martin,Feel More.,Feel More.,General
Hennessy,Mix accordingly.,Mix accordingly.,General
Martell (cognac),Only a Few Can Tell.,Only a Few Can Tell.,General
Four Roses,America's most gifted whiskey.,America's most gifted whiskey.,General
Maker's Mark,Please enjoy it that way.,Please enjoy it that way.,General
Jim Beam,Real Friends. Real Bourbon.,Real Friends. Real Bourbon.,General
Wild Turkey (bourbon),Too good to keep cooped up.,Too good to keep cooped up.,General
Rolling Rock,Rolling Rock. Free Flowing.,Rolling Rock. Free Flowing.,General
Fanta,"Drink Fanta, stay Bamboocha.","Drink Fanta, stay Bamboocha.",General
Colgate,"Stronger, healthier gums.","Stronger, healthier gums.",General
Pizza Hut,Make it great.,Make it great.,General
Domino's Pizza,Pizza deliver experts.,Pizza deliver experts.,General
Ben & Jerry's,"Peace, love & ice cream.","Peace, love & ice cream.",General
Head & Shoulders,Live head first.,Live head first.,General
Heineken,It's all about the beer.,It's all about the beer.,Food & Beverage
Gatorade,The Legend Continues.,The Legend Continues.,Food & Beverage
Milo,MILO Everyday!,MILO Everyday!,General
Starbucks,Customize Your Cup.,Customize Your Cup.,General
Audi,Vorsprung durch Technik.,Vorsprung durch Technik.,General
Snickers,Get some nuts!,Get some nuts!,General
NIVEA,More evolved skincare.,More evolved skincare.,General
KFC(Kentucky Fried Chicken),Finger Lickin' Good.,Finger Lickin' Good.,General
Nescafe,It all starts with a NescafÃ©.,It all starts with a NescafÃ©.,General
Levi's Jeans,Original jeans. original people.,Original jeans. original people.,General
Dove (toiletries),The secret of beautiful hair.,The secret of beautiful hair.,General
Lipton,Be more tea.,Be more tea.,General
Pampers,Discover your babyâs world.,Discover your babyâs world.,General
Coca-Cola,Taste The Feeling.,Taste The Feeling.,Food & Beverage
Pilsner Urquell,The world's first golden beer.,The world's first golden beer.,General
Boddingtons,It's a bit gorgeous.,It's a bit gorgeous.,General
Beck's,Beck's. Life Beckons.,Beck's. Life Beckons.,General
Sapporo,Senses Never Forget.,Senses Never Forget.,General
Stella Artois,Reassuringly expensive,Reassuringly expensive,General
Paulaner Brewery,"Good, better, Paulaner.","Good, better, Paulaner.",General
Corona,Miles Away From ordinary.,Miles Away From ordinary.,General
Red Stripe,It's BEER. Hooray beer!,It's BEER. Hooray beer!,General
Castlemaine XXXX,Australians wouldn't give a XXXX for anything,Australians wouldn't give a XXXX for anything,General
Newcastle Brown Ale,The One and Only.,The One and Only.,General
St. Pauli Girl,Germany's Fun-Loving Beer.,Germany's Fun-Loving Beer.,General
Dos Equis,Let your tastes travel.,Let your tastes travel.,General
Bad Frog,The Beer so Good it's Bad.,The Beer so Good it's Bad.,General
Molson Canadian,It Starts Here.,It Starts Here.,General
A&W Root Beer,That frosty mug sensation.,That frosty mug sensation.,Food & Beverage
Coors Brewing Company,It won't slow you down.,It won't slow you down.,General
Three Olives Vodka,Crisp. Clean. Smooth.,Crisp. Clean. Smooth.,Food & Beverage
Snapple,Made from the best stuff on Earth.,Made from the best stuff on Earth.,Technology
Schweppes,Schhh! You know who?,Schhh! You know who?,General
Canadian Mist,Grip it. Tip it. Sip it.,Grip it. Tip it. Sip it.,General
Fanta,"Drink Fanta, stay Bamboocha.","Drink Fanta, stay Bamboocha.",General
Colgate,"Stronger, healthier gums.","Stronger, healthier gums.",General
Pizza Hut,Make it great.,Make it great.,General
Domino's Pizza,Pizza deliver experts.,Pizza deliver experts.,General
Ben & Jerry's,"Peace, love & ice cream.","Peace, love & ice cream.",General
Head & Shoulders,Live head first.,Live head first.,General
Heineken,It's all about the beer.,It's all about the beer.,Food & Beverage
Gatorade,The Legend Continues.,The Legend Continues.,Food & Beverage
Milo,MILO Everyday!,MILO Everyday!,General
Starbucks,Customize Your Cup.,Customize Your Cup.,General
Audi,Vorsprung durch Technik.,Vorsprung durch Technik.,General
Snickers,Get some nuts!,Get some nuts!,General
NIVEA,More evolved skincare.,More evolved skincare.,General
KFC(Kentucky Fried Chicken),Finger Lickin' Good.,Finger Lickin' Good.,General
Nescafe,It all starts with a NescafÃ©.,It all starts with a NescafÃ©.,General
Levi's Jeans,Original jeans. original people.,Original jeans. original people.,General
Dove (toiletries),The secret of beautiful hair.,The secret of beautiful hair.,General
Lipton,Be more tea.,Be more tea.,General
Pampers,Discover your babyâs world.,Discover your babyâs world.,General
Coca-Cola,Taste The Feeling.,Taste The Feeling.,Food & Beverage
Johnnie Walker,Johnnie Walker. Keep Walking.,Johnnie Walker. Keep Walking.,General
Maxwell House,Good to the last drop.,Good to the last drop.,General
Starbucks,Customize Your Cup.,Customize Your Cup.,General
Miller Beer,"If youâve got the time, weâve got the beer.","If youâve got the time, weâve got the beer.",Food & Beverage
Juicy Juice,100% juice for 100% kids.,100% juice for 100% kids.,Food & Beverage
RC cola,"Relax, and Enjoy Royal Crown Cola","Relax, and Enjoy Royal Crown Cola",Food & Beverage
Skyy Vodka,"Drink dirty martinis, not dirty vodka","Drink dirty martinis, not dirty vodka",Food & Beverage
Hawaiian Punch,How about a nice Hawaiian Punch?,How about a nice Hawaiian Punch?,General
Mountain Dew,Itâll tickle your innards.,Itâll tickle your innards.,General
Absolut Vodka,ABSOLUT PERFECTION.,ABSOLUT PERFECTION.,Food & Beverage
Bacardi,Thirsty for life? Drink Responsibly.,Thirsty for life? Drink Responsibly.,General
Naked Juice,Worth its weight in good.,Worth its weight in good.,Food & Beverage
Pepsi,Delicious. Refreshing. Pepsi.,Delicious. Refreshing. Pepsi.,Food & Beverage
Carabao,Free your inner Carabao.,Free your inner Carabao.,General
Budweiser,The king of beers.,The king of beers.,General
7 Up,The Un-cola.,The Un-cola.,General
Carlsberg,Probably the Best Beer in the World.,Probably the Best Beer in the World.,General
Typhoo,Typhoo puts the T in Britain.,Typhoo puts the T in Britain.,General
Dr. Pepper,Whatâs the Worst That Could Happen?,Whatâs the Worst That Could Happen?,General
Red Bull,It Gives You Wiiiings.,It Gives You Wiiiings.,General
Fanta,"Drink Fanta, stay Bamboocha.","Drink Fanta, stay Bamboocha.",General
Colgate,"Stronger, healthier gums.","Stronger, healthier gums.",General
Pizza Hut,Make it great.,Make it great.,General
Domino's Pizza,Pizza deliver experts.,Pizza deliver experts.,General
Ben & Jerry's,"Peace, love & ice cream.","Peace, love & ice cream.",General
Head & Shoulders,Live head first.,Live head first.,General
Heineken,It's all about the beer.,It's all about the beer.,Food & Beverage
Gatorade,The Legend Continues.,The Legend Continues.,Food & Beverage
Milo,MILO Everyday!,MILO Everyday!,General
Starbucks,Customize Your Cup.,Customize Your Cup.,General
Audi,Vorsprung durch Technik.,Vorsprung durch Technik.,General
Snickers,Get some nuts!,Get some nuts!,General
NIVEA,More evolved skincare.,More evolved skincare.,General
KFC(Kentucky Fried Chicken),Finger Lickin' Good.,Finger Lickin' Good.,General
Nescafe,It all starts with a NescafÃ©.,It all starts with a NescafÃ©.,General
Levi's Jeans,Original jeans. original people.,Original jeans. original people.,General
Dove (toiletries),The secret of beautiful hair.,The secret of beautiful hair.,General
Lipton,Be more tea.,Be more tea.,General
Pampers,Discover your babyâs world.,Discover your babyâs world.,General
Coca-Cola,Taste The Feeling.,Taste The Feeling.,Food & Beverage
Coca-Cola,Taste The Feeling.,Taste The Feeling.,Food & Beverage
Fanta,"Drink Fanta, stay Bamboocha.","Drink Fanta, stay Bamboocha.",General
Colgate,"Stronger, healthier gums.","Stronger, healthier gums.",General
Pizza Hut,Make it great.,Make it great.,General
Domino's Pizza,Pizza deliver experts.,Pizza deliver experts.,General
Ben & Jerry's,"Peace, love & ice cream.","Peace, love & ice cream.",General
Head & Shoulders,Live head first.,Live head first.,General
Heineken,It's all about the beer.,It's all about the beer.,Food & Beverage
Gatorade,The Legend Continues.,The Legend Continues.,Food & Beverage
Milo,MILO Everyday!,MILO Everyday!,General
Starbucks,Customize Your Cup.,Customize Your Cup.,General
Audi,Vorsprung durch Technik.,Vorsprung durch Technik.,General
Snickers,Get some nuts!,Get some nuts!,General
NIVEA,More evolved skincare.,More evolved skincare.,General
KFC(Kentucky Fried Chicken),Finger Lickin' Good.,Finger Lickin' Good.,General
Nescafe,It all starts with a NescafÃ©.,It all starts with a NescafÃ©.,General
Levi's Jeans,Original jeans. original people.,Original jeans. original people.,General
Dove (toiletries),The secret of beautiful hair.,The secret of beautiful hair.,General
Lipton,Be more tea.,Be more tea.,General
Pampers,Discover your babyâs world.,Discover your babyâs world.,General
Coca-Cola,Taste The Feeling.,Taste The Feeling.,Food & Beverage
Chupa Chups,Smoke Chupa Chups.,Smoke Chupa Chups.,General
Tic Tac,It's not just a mint.,It's not just a mint.,General
Toblerone,Make time for Toblerone.,Make time for Toblerone.,General
Helms Bakery,Daily at Your Door,Daily at Your Door,General
Lollicup Coffee & Tea,"Add a Little Fun, Mix a Little Flavor","Add a Little Fun, Mix a Little Flavor",Food & Beverage
Baker's Dozen Donuts,Not Just Donuts...,Not Just Donuts...,General
Dan-D Foods,Fine Foods of the Earth,Fine Foods of the Earth,General
Canyon Creek Food Company,Favorite foods made easy.,Favorite foods made easy.,General
Wispa,Time Well Mis-spent,Time Well Mis-spent,General
Cadbury Roses,Roses Grow On You.,Roses Grow On You.,General
Picnic (chocolate bar),Deliciously ugly,Deliciously ugly,Food & Beverage
Moro (chocolate bar),Get more go,Get more go,Food & Beverage
Crunchie,Get that Friday feeling,Get that Friday feeling,General
Chomp (chocolate bar),It's a monster chew!,It's a monster chew!,Food & Beverage
Trix (cereal),Trix Are For Kids!,Trix Are For Kids!,General
Time Out (chocolate bar),âthe wafer break with a layer of Flake.,âthe wafer break with a layer of Flake.,Food & Beverage
Violet Crumble,It's the way it shatters that matters.,It's the way it shatters that matters.,General
Cadbury Creme Egg,It's Hunting Season.,It's Hunting Season.,General
Planters,Naturally Remarkable.,Naturally Remarkable.,General
Chips Ahoy!,Crazy with chips!,Crazy with chips!,General
Fanta,"Drink Fanta, stay Bamboocha.","Drink Fanta, stay Bamboocha.",General
Colgate,"Stronger, healthier gums.","Stronger, healthier gums.",General
Pizza Hut,Make it great.,Make it great.,General
Domino's Pizza,Pizza deliver experts.,Pizza deliver experts.,General
Head & Shoulders,Live head first.,Live head first.,General
Ben & Jerry's,"Peace, love & ice cream.","Peace, love & ice cream.",General
Heineken,It's all about the beer.,It's all about the beer.,Food & Beverage
Gatorade,The Legend Continues.,The Legend Continues.,Food & Beverage
Milo,MILO Everyday!,MILO Everyday!,General
Starbucks,Customize Your Cup.,Customize Your Cup.,General
Audi,Vorsprung durch Technik.,Vorsprung durch Technik.,General
Snickers,Get some nuts!,Get some nuts!,General
NIVEA,More evolved skincare.,More evolved skincare.,General
KFC(Kentucky Fried Chicken),Finger Lickin' Good.,Finger Lickin' Good.,General
Nescafe,It all starts with a NescafÃ©.,It all starts with a NescafÃ©.,General
Levi's Jeans,Original jeans. original people.,Original jeans. original people.,General
Dove (toiletries),The secret of beautiful hair.,The secret of beautiful hair.,General
Lipton,Be more tea.,Be more tea.,General
Pampers,Discover your babyâs world.,Discover your babyâs world.,General
Coca-Cola,Taste The Feeling.,Taste The Feeling.,Food & Beverage
Fancy Feast,The best ingredient is love.,The best ingredient is love.,General
Dolmio,Whenâsa your Dolmio day?,Whenâsa your Dolmio day?,General
Hula Hoops,Best ever flavour.,Best ever flavour.,General
5 (gum),Stimulate Your Senses.,Stimulate Your Senses.,General
Peperami,"All Pork, No Bull.","All Pork, No Bull.",General
Colman's,"Come on Colman's, light my fire.","Come on Colman's, light my fire.",General
Boursin cheese,"Some bread, some wine, some Boursin.","Some bread, some wine, some Boursin.",General
Butterfinger,better butter finger.,better butter finger.,General
Boost (chocolate bar),One Step Ahead.,One Step Ahead.,Food & Beverage
3 Musketeers,Big on Chocolate!,Big on Chocolate!,General
Trident (gum),See what Unfolds.,See what Unfolds.,General
Cheetos,Dangerously cheesy.,Dangerously cheesy.,General
Hostess CupCake,Where's the cream filling?,Where's the cream filling?,General
Ouma Rusks,Baked on the original farm.,Baked on the original farm.,General
Oreo,Only oreo.,Only oreo.,General
Nik Naks,Eat The Freak.,Eat The Freak.,General
Ruffles,Ruffles have RRRidges.,Ruffles have RRRidges.,General
Toaster Strudel,Get Zem GÃ¶ing.,Get Zem GÃ¶ing.,General
Tastykake,The Cake That Made Mother Stop Baking.,The Cake That Made Mother Stop Baking.,General
Walkers,Fresh Taste Guaranteed.,Fresh Taste Guaranteed.,General
Fanta,"Drink Fanta, stay Bamboocha.","Drink Fanta, stay Bamboocha.",General
Colgate,"Stronger, healthier gums.","Stronger, healthier gums.",General
Pizza Hut,Make it great.,Make it great.,General
Domino's Pizza,Pizza deliver experts.,Pizza deliver experts.,General
Head & Shoulders,Live head first.,Live head first.,General
Ben & Jerry's,"Peace, love & ice cream.","Peace, love & ice cream.",General
Heineken,It's all about the beer.,It's all about the beer.,Food & Beverage
Gatorade,The Legend Continues.,The Legend Continues.,Food & Beverage
Milo,MILO Everyday!,MILO Everyday!,General
Starbucks,Customize Your Cup.,Customize Your Cup.,General
Audi,Vorsprung durch Technik.,Vorsprung durch Technik.,General
Snickers,Get some nuts!,Get some nuts!,General
NIVEA,More evolved skincare.,More evolved skincare.,General
KFC(Kentucky Fried Chicken),Finger Lickin' Good.,Finger Lickin' Good.,General
Nescafe,It all starts with a NescafÃ©.,It all starts with a NescafÃ©.,General
Levi's Jeans,Original jeans. original people.,Original jeans. original people.,General
Dove (toiletries),The secret of beautiful hair.,The secret of beautiful hair.,General
Lipton,Be more tea.,Be more tea.,General
Pampers,Discover your babyâs world.,Discover your babyâs world.,General
Coca-Cola,Taste The Feeling.,Taste The Feeling.,Food & Beverage
Branston,Bring out the Branston.,Bring out the Branston.,General
Twisties,Life's pretty straight without...,Life's pretty straight without...,General
Burger Rings,Full on burger flavour.,Full on burger flavour.,General
Start (cereal),"I Want, Now I Can.","I Want, Now I Can.",General
Cocoa Krispies,Can you handle the crunch?,Can you handle the crunch?,General
Rice-A-Roni,The San Francisco Treat.,The San Francisco Treat.,General
Life Savers,Still only 5 cents.,Still only 5 cents.,General
Golden Crisp,Canât Get Enough of That Golden Crisp.,Canât Get Enough of That Golden Crisp.,General
Alpha Bits,They're ice-cream-a-licious!,They're ice-cream-a-licious!,General
Cheerios,Toasted Whole Grain Oat Cereal.,Toasted Whole Grain Oat Cereal.,General
Kix (cereal),Kid-tested. Parent-approved.,Kid-tested. Parent-approved.,General
Grape Nuts,Makes Red Blood!,Makes Red Blood!,General
Apple Jacks,We eat what we like.,We eat what we like.,Technology
Sugar Puffs,You'll Go Monster-Mad For The Honey.,You'll Go Monster-Mad For The Honey.,General
Yorkie (chocolate bar),Itâs Not For Girls.,Itâs Not For Girls.,Food & Beverage
Aero (chocolate),Have you felt the bubbles melt?,Have you felt the bubbles melt?,Food & Beverage
Tootsie Pop,the center of a Tootsie Pop.,the center of a Tootsie Pop.,General
A.1. Sauce,Makes beef sing.,Makes beef sing.,General
Rolaids,that's how you spell relief.,that's how you spell relief.,General
Jell-O,There's always room for Jell-O.,There's always room for Jell-O.,General
Fanta,"Drink Fanta, stay Bamboocha.","Drink Fanta, stay Bamboocha.",General
Colgate,"Stronger, healthier gums.","Stronger, healthier gums.",General
Pizza Hut,Make it great.,Make it great.,General
Domino's Pizza,Pizza deliver experts.,Pizza deliver experts.,General
Head & Shoulders,Live head first.,Live head first.,General
Ben & Jerry's,"Peace, love & ice cream.","Peace, love & ice cream.",General
Heineken,It's all about the beer.,It's all about the beer.,Food & Beverage
Gatorade,The Legend Continues.,The Legend Continues.,Food & Beverage
Milo,MILO Everyday!,MILO Everyday!,General
Starbucks,Customize Your Cup.,Customize Your Cup.,General
Audi,Vorsprung durch Technik.,Vorsprung durch Technik.,General
Snickers,Get some nuts!,Get some nuts!,General
NIVEA,More evolved skincare.,More evolved skincare.,General
KFC(Kentucky Fried Chicken),Finger Lickin' Good.,Finger Lickin' Good.,General
Nescafe,It all starts with a NescafÃ©.,It all starts with a NescafÃ©.,General
Levi's Jeans,Original jeans. original people.,Original jeans. original people.,General
Dove (toiletries),The secret of beautiful hair.,The secret of beautiful hair.,General
Lipton,Be more tea.,Be more tea.,General
Pampers,Discover your babyâs world.,Discover your babyâs world.,General
Coca-Cola,Taste The Feeling.,Taste The Feeling.,Food & Beverage
Prego,It's in there!.,It's in there!.,General
Heinz Baked Beans,Beanz meanz Heinz.,Beanz meanz Heinz.,General
Blue Bonnet,I'm on it like Blue Bonnet!,I'm on it like Blue Bonnet!,General
Honey Bunches of Oats,It's what's for breakfast.,It's what's for breakfast.,General
Birds Eye,Come Home To Birds Eye Country.,Come Home To Birds Eye Country.,General
Candwich,"Quick & Tasty, Ready to Eat.","Quick & Tasty, Ready to Eat.",General
Casa Sanchez,flavor out of this world.,flavor out of this world.,General
Francesco Rinaldi,Enjoyed by everyone.,Enjoyed by everyone.,General
Idaho Spud,The Candy Bar That Makes Idaho Famous.,The Candy Bar That Makes Idaho Famous.,General
Meggle,Ich bin ein Gourmeggle.,Ich bin ein Gourmeggle.,General
Quaker,"Nothing is better for thee, than me.","Nothing is better for thee, than me.",General
Shurfine,You sure save more at a ShurSave store.,You sure save more at a ShurSave store.,General
Shreddies,Shreddie or not?,Shreddie or not?,General
Wagon Wheels,You've got to grin to get it in.,You've got to grin to get it in.,General
Bisto,"Aah, Bisto!","Aah, Bisto!",General
Twizzlers,Makes mouths happy.,Makes mouths happy.,General
Hillshire Farm,Go Meat!,Go Meat!,General
Campbell's,M'm! M'm! Good!,M'm! M'm! Good!,General
Wheaties,The breakfast of champions.,The breakfast of champions.,General
Frosted Flakes,They're g-r-r-r-eat!,They're g-r-r-r-eat!,General
Fanta,"Drink Fanta, stay Bamboocha.","Drink Fanta, stay Bamboocha.",General
Colgate,"Stronger, healthier gums.","Stronger, healthier gums.",General
Pizza Hut,Make it great.,Make it great.,General
Domino's Pizza,Pizza deliver experts.,Pizza deliver experts.,General
Head & Shoulders,Live head first.,Live head first.,General
Ben & Jerry's,"Peace, love & ice cream.","Peace, love & ice cream.",General
Heineken,It's all about the beer.,It's all about the beer.,Food & Beverage
Gatorade,The Legend Continues.,The Legend Continues.,Food & Beverage
Milo,MILO Everyday!,MILO Everyday!,General
Starbucks,Customize Your Cup.,Customize Your Cup.,General
Audi,Vorsprung durch Technik.,Vorsprung durch Technik.,General
Snickers,Get some nuts!,Get some nuts!,General
NIVEA,More evolved skincare.,More evolved skincare.,General
KFC(Kentucky Fried Chicken),Finger Lickin' Good.,Finger Lickin' Good.,General
Nescafe,It all starts with a NescafÃ©.,It all starts with a NescafÃ©.,General
Levi's Jeans,Original jeans. original people.,Original jeans. original people.,General
Dove (toiletries),The secret of beautiful hair.,The secret of beautiful hair.,General
Lipton,Be more tea.,Be more tea.,General
Pampers,Discover your babyâs world.,Discover your babyâs world.,General
Coca-Cola,Taste The Feeling.,Taste The Feeling.,Food & Beverage
Skittles,Taste the rainbow.,Taste the rainbow.,General
Ajinomoto,"Eat Well, Live Well.","Eat Well, Live Well.",General
Mamee Double-Decker,A World of Good Taste.,A World of Good Taste.,General
Freia (chocolate),A small piece of Norway.,A small piece of Norway.,Food & Beverage
Golden Wonder,You'll never grow old in Golden Wonderland!,You'll never grow old in Golden Wonderland!,General
Ferrero-KÃ¼sschen,Give a KÃ¼sschen to your friend!,Give a KÃ¼sschen to your friend!,General
Ritter Sport,Quality in a Square.,Quality in a Square.,General
Haribo,Child and adult is happy.,Child and adult is happy.,General
PÃR Gum,Live PUR.,Live PUR.,General
Chicken Tonight,I feel like Chicken Tonight.,I feel like Chicken Tonight.,General
Hobnob biscuit,Chocolate now has Hobnobs underneath.,Chocolate now has Hobnobs underneath.,General
Homepride,the one with the bag.,the one with the bag.,General
Marmite,Love it or hate it.,Love it or hate it.,General
Tip Top Bakeries,Tip Top's the One.,Tip Top's the One.,General
Chiko Roll,You can't knock the roll.,You can't knock the roll.,General
Now and Later,Share the Square.,Share the Square.,General
Milky Way,Life's Better the Milky Way.,Life's Better the Milky Way.,General
Dippin' Dots,Ice Cream of the Future,Ice Cream of the Future,General
Lunchables,Make fun of lunch!,Make fun of lunch!,General
Smucker,it has to be good.,it has to be good.,General
Fanta,"Drink Fanta, stay Bamboocha.","Drink Fanta, stay Bamboocha.",General
Colgate,"Stronger, healthier gums.","Stronger, healthier gums.",General
Pizza Hut,Make it great.,Make it great.,General
Domino's Pizza,Pizza deliver experts.,Pizza deliver experts.,General
Head & Shoulders,Live head first.,Live head first.,General
Ben & Jerry's,"Peace, love & ice cream.","Peace, love & ice cream.",General
Heineken,It's all about the beer.,It's all about the beer.,Food & Beverage
Gatorade,The Legend Continues.,The Legend Continues.,Food & Beverage
Milo,MILO Everyday!,MILO Everyday!,General
Starbucks,Customize Your Cup.,Customize Your Cup.,General
Audi,Vorsprung durch Technik.,Vorsprung durch Technik.,General
Snickers,Get some nuts!,Get some nuts!,General
NIVEA,More evolved skincare.,More evolved skincare.,General
KFC(Kentucky Fried Chicken),Finger Lickin' Good.,Finger Lickin' Good.,General
Nescafe,It all starts with a NescafÃ©.,It all starts with a NescafÃ©.,General
Levi's Jeans,Original jeans. original people.,Original jeans. original people.,General
Dove (toiletries),The secret of beautiful hair.,The secret of beautiful hair.,General
Lipton,Be more tea.,Be more tea.,General
Pampers,Discover your babyâs world.,Discover your babyâs world.,General
Coca-Cola,Taste The Feeling.,Taste The Feeling.,Food & Beverage
Reese's Peanut Butter Cups,Reese's ...perfect,Reese's ...perfect,General
Bertolli,Passion makes perfect.,Passion makes perfect.,General
Stork (margarine),The difference is worth talking about.,The difference is worth talking about.,General
Flora (margarine),Better butteryness.,Better butteryness.,General
Country Crock,Where good habits are delicious.,Where good habits are delicious.,General
Clover (spread),Made for family.,Made for family.,General
Meadow Lea,You ought to be congratulated.,You ought to be congratulated.,General
Blue Band,Spread every slice!,Spread every slice!,General
Imperial margarine,Fit for a king.,Fit for a king.,General
Becel,Love your heart.,Love your heart.,General
Lurpak,Your everyday luxury.,Your everyday luxury.,General
Utterly Butterly,Utterly smitten.,Utterly smitten.,General
President cheese,Perfectly paired with life.,Perfectly paired with life.,General
Primula,Perfect for sharing.,Perfect for sharing.,General
Babybel,100% natural. 100% fun!,100% natural. 100% fun!,General
Lea & Perrins,The original and Genuine.,The original and Genuine.,General
Peters Ice Cream,Music to your mouth.,Music to your mouth.,General
Weis,The taste on everyone's lips.,The taste on everyone's lips.,General
Mackie's,Creamy by nature!,Creamy by nature!,General
Magnum (ice cream),For pleasure seekers.,For pleasure seekers.,General
Fanta,"Drink Fanta, stay Bamboocha.","Drink Fanta, stay Bamboocha.",General
Colgate,"Stronger, healthier gums.","Stronger, healthier gums.",General
Pizza Hut,Make it great.,Make it great.,General
Domino's Pizza,Pizza deliver experts.,Pizza deliver experts.,General
Head & Shoulders,Live head first.,Live head first.,General
Ben & Jerry's,"Peace, love & ice cream.","Peace, love & ice cream.",General
Heineken,It's all about the beer.,It's all about the beer.,Food & Beverage
Gatorade,The Legend Continues.,The Legend Continues.,Food & Beverage
Milo,MILO Everyday!,MILO Everyday!,General
Starbucks,Customize Your Cup.,Customize Your Cup.,General
Audi,Vorsprung durch Technik.,Vorsprung durch Technik.,General
Snickers,Get some nuts!,Get some nuts!,General
NIVEA,More evolved skincare.,More evolved skincare.,General
KFC(Kentucky Fried Chicken),Finger Lickin' Good.,Finger Lickin' Good.,General
Nescafe,It all starts with a NescafÃ©.,It all starts with a NescafÃ©.,General
Levi's Jeans,Original jeans. original people.,Original jeans. original people.,General
Dove (toiletries),The secret of beautiful hair.,The secret of beautiful hair.,General
Lipton,Be more tea.,Be more tea.,General
Pampers,Discover your babyâs world.,Discover your babyâs world.,General
Coca-Cola,Taste The Feeling.,Taste The Feeling.,Food & Beverage
Klondike bar,What would you do for a Klondike bar?,What would you do for a Klondike bar?,General
Cravendale,The cows want it back,The cows want it back,General
After Eight,See you After Eight.,See you After Eight.,General
Terry's,Round. But not round for long.,Round. But not round for long.,General
Little Debbie,Unwrap a smile.,Unwrap a smile.,General
Ryvita,Britton loves Ryvita.,Britton loves Ryvita.,General
Beech-Nut,Small Is Big Here.,Small Is Big Here.,General
Carvel (franchise),America's freshest ice cream.,America's freshest ice cream.,General
Doublemint gum,Donât Forget The Fruit Gums.,Donât Forget The Fruit Gums.,General
Kellogg's,The simpler the better.,The simpler the better.,General
Lucky Charms,Theyâre magically delicious.,Theyâre magically delicious.,General
Mentos,Roses Grow on You.,Roses Grow on You.,General
Starburst(Opal Fruits),Unexplainably Juicy.,Unexplainably Juicy.,General
Snickers,Get some nuts!,Get some nuts!,General
Twix,Itâs all in the mix.,Itâs all in the mix.,General
Swensen's,Good as father used to make.,Good as father used to make.,General
Marble Slab Creamery,Originality in every scoop.,Originality in every scoop.,General
Graeter's,Irresistible Graeter's.,Irresistible Graeter's.,General
Ben & Jerry's,"Peace, love & ice cream.","Peace, love & ice cream.",General
Baskin-Robbins,More flavors. More fun.,More flavors. More fun.,General
Fanta,"Drink Fanta, stay Bamboocha.","Drink Fanta, stay Bamboocha.",General
Colgate,"Stronger, healthier gums.","Stronger, healthier gums.",General
Pizza Hut,Make it great.,Make it great.,General
Domino's Pizza,Pizza deliver experts.,Pizza deliver experts.,General
Head & Shoulders,Live head first.,Live head first.,General
Ben & Jerry's,"Peace, love & ice cream.","Peace, love & ice cream.",General
Heineken,It's all about the beer.,It's all about the beer.,Food & Beverage
Gatorade,The Legend Continues.,The Legend Continues.,Food & Beverage
Milo,MILO Everyday!,MILO Everyday!,General
Starbucks,Customize Your Cup.,Customize Your Cup.,General
Audi,Vorsprung durch Technik.,Vorsprung durch Technik.,General
Snickers,Get some nuts!,Get some nuts!,General
NIVEA,More evolved skincare.,More evolved skincare.,General
KFC(Kentucky Fried Chicken),Finger Lickin' Good.,Finger Lickin' Good.,General
Nescafe,It all starts with a NescafÃ©.,It all starts with a NescafÃ©.,General
Levi's Jeans,Original jeans. original people.,Original jeans. original people.,General
Dove (toiletries),The secret of beautiful hair.,The secret of beautiful hair.,General
Lipton,Be more tea.,Be more tea.,General
Pampers,Discover your babyâs world.,Discover your babyâs world.,General
Coca-Cola,Taste The Feeling.,Taste The Feeling.,Food & Beverage
Ore-Ida,"Easy Open, Easy Pour Bag!","Easy Open, Easy Pour Bag!",General
Kraft Foods,A little taste of heaven.,A little taste of heaven.,General
Kelly's of Cornwall,Cornish by nature.,Cornish by nature.,General
HB ice cream,One of life's simple pleasures.,One of life's simple pleasures.,General
Vadilal,Nothing but goodness.,Nothing but goodness.,General
Tip Top,Tip Top. Real ice creamier.,Tip Top. Real ice creamier.,General
Hunt's,Only the best tomatoes grow up to be Hunt's.,Only the best tomatoes grow up to be Hunt's.,General
Hellmann's,Bring out the best.,Bring out the best.,General
Bega Cheese,Better buy Bega.,Better buy Bega.,General
Coon cheese,The choice of COONoisseurs.,The choice of COONoisseurs.,General
Jarlsberg cheese,Only Jarlsberg is Jarlsberg.,Only Jarlsberg is Jarlsberg.,General
Dairylea (cheese),Herds of Dairylea goodness.,Herds of Dairylea goodness.,General
Wyke Farms,Over 100 years of family farming.,Over 100 years of family farming.,General
Pilgrims Choice,Good choice pilgrim.,Good choice pilgrim.,General
Wall's,Share happy.,Share happy.,General
Blue Bell Creameries,The best ice cream in the country.,The best ice cream in the country.,General
Popsicle,Anything's possible with Popsicle.,Anything's possible with Popsicle.,General
Breyers,It's way beyond ice cream.,It's way beyond ice cream.,General
Haagen-Dazs,Made like no other.,Made like no other.,General
Cornetto,"Enjoy the ride, love the ending","Enjoy the ride, love the ending",General
Fanta,"Drink Fanta, stay Bamboocha.","Drink Fanta, stay Bamboocha.",General
Colgate,"Stronger, healthier gums.","Stronger, healthier gums.",General
Pizza Hut,Make it great.,Make it great.,General
Domino's Pizza,Pizza deliver experts.,Pizza deliver experts.,General
Head & Shoulders,Live head first.,Live head first.,General
Ben & Jerry's,"Peace, love & ice cream.","Peace, love & ice cream.",General
Heineken,It's all about the beer.,It's all about the beer.,Food & Beverage
Gatorade,The Legend Continues.,The Legend Continues.,Food & Beverage
Milo,MILO Everyday!,MILO Everyday!,General
Starbucks,Customize Your Cup.,Customize Your Cup.,General
Audi,Vorsprung durch Technik.,Vorsprung durch Technik.,General
Snickers,Get some nuts!,Get some nuts!,General
NIVEA,More evolved skincare.,More evolved skincare.,General
KFC(Kentucky Fried Chicken),Finger Lickin' Good.,Finger Lickin' Good.,General
Nescafe,It all starts with a NescafÃ©.,It all starts with a NescafÃ©.,General
Levi's Jeans,Original jeans. original people.,Original jeans. original people.,General
Dove (toiletries),The secret of beautiful hair.,The secret of beautiful hair.,General
Lipton,Be more tea.,Be more tea.,General
Pampers,Discover your babyâs world.,Discover your babyâs world.,General
Coca-Cola,Taste The Feeling.,Taste The Feeling.,Food & Beverage
Chapman's,For the kid in all of us,For the kid in all of us,General
Good Humor,Return to the classics,Return to the classics,General
Perry's Ice Cream,Life is a bowl of Perry's.,Life is a bowl of Perry's.,General
Quavers,They're floaty light!,They're floaty light!,General
Lay's,Betcha can't eat just one!,Betcha can't eat just one!,General
BelGioioso Cheese,Quality never stops.,Quality never stops.,General
Dubliner Cheese,Character in every bite.,Character in every bite.,General
The Laughing Cow,Made with laughter.,Made with laughter.,General
Leerdammer,Put pleasure first,Put pleasure first,General
Sargento,We're real cheese people,We're real cheese people,General
Callebaut,For the love of chocolate.,For the love of chocolate.,General
Cadbury Dairy Milk,Free the joy.,Free the joy.,General
Milka,Tenderness is inside.,Tenderness is inside.,General
Ghirardelli Chocolate,Moments of timeless pleasure.,Moments of timeless pleasure.,Food & Beverage
Cailler,Pure chocolate. Pure emotion.,Pure chocolate. Pure emotion.,General
Hershey's,Hello happy. Hello Hershey's.,Hello happy. Hello Hershey's.,General
Dove Chocolate,Choose pleasure.,Choose pleasure.,Food & Beverage
Dreyer's,Share a Scoop. Share a Smile!,Share a Scoop. Share a Smile!,General
Green & Black's,Bring Milk Chocolate Out Of Its Shell.,Bring Milk Chocolate Out Of Its Shell.,General
Nestles,"Nestle. Good Food, Good Life.","Nestle. Good Food, Good Life.",General
Fanta,"Drink Fanta, stay Bamboocha.","Drink Fanta, stay Bamboocha.",General
Colgate,"Stronger, healthier gums.","Stronger, healthier gums.",General
Pizza Hut,Make it great.,Make it great.,General
Domino's Pizza,Pizza deliver experts.,Pizza deliver experts.,General
Head & Shoulders,Live head first.,Live head first.,General
Ben & Jerry's,"Peace, love & ice cream.","Peace, love & ice cream.",General
Heineken,It's all about the beer.,It's all about the beer.,Food & Beverage
Gatorade,The Legend Continues.,The Legend Continues.,Food & Beverage
Milo,MILO Everyday!,MILO Everyday!,General
Starbucks,Customize Your Cup.,Customize Your Cup.,General
Audi,Vorsprung durch Technik.,Vorsprung durch Technik.,General
Snickers,Get some nuts!,Get some nuts!,General
NIVEA,More evolved skincare.,More evolved skincare.,General
KFC(Kentucky Fried Chicken),Finger Lickin' Good.,Finger Lickin' Good.,General
Nescafe,It all starts with a NescafÃ©.,It all starts with a NescafÃ©.,General
Levi's Jeans,Original jeans. original people.,Original jeans. original people.,General
Dove (toiletries),The secret of beautiful hair.,The secret of beautiful hair.,General
Lipton,Be more tea.,Be more tea.,General
Pampers,Discover your babyâs world.,Discover your babyâs world.,General
Coca-Cola,Taste The Feeling.,Taste The Feeling.,Food & Beverage
Dannon Yogurt,Love it for life.,Love it for life.,General
Ralston Purina,All you add is love.,All you add is love.,General
Pringles,"Once you pop, you can't stop.","Once you pop, you can't stop.",General
M&M'S,"Melts in Your Mouth, Not in Your Hands.","Melts in Your Mouth, Not in Your Hands.",General
Heinz,Good Food Every Day.,Good Food Every Day.,General
Fanta,"Drink Fanta, stay Bamboocha.","Drink Fanta, stay Bamboocha.",General
Colgate,"Stronger, healthier gums.","Stronger, healthier gums.",General
Pizza Hut,Make it great.,Make it great.,General
Domino's Pizza,Pizza deliver experts.,Pizza deliver experts.,General
Head & Shoulders,Live head first.,Live head first.,General
Ben & Jerry's,"Peace, love & ice cream.","Peace, love & ice cream.",General
Heineken,It's all about the beer.,It's all about the beer.,Food & Beverage
Gatorade,The Legend Continues.,The Legend Continues.,Food & Beverage
Milo,MILO Everyday!,MILO Everyday!,General
Starbucks,Customize Your Cup.,Customize Your Cup.,General
Audi,Vorsprung durch Technik.,Vorsprung durch Technik.,General
Snickers,Get some nuts!,Get some nuts!,General
NIVEA,More evolved skincare.,More evolved skincare.,General
KFC(Kentucky Fried Chicken),Finger Lickin' Good.,Finger Lickin' Good.,General
Nescafe,It all starts with a NescafÃ©.,It all starts with a NescafÃ©.,General
Levi's Jeans,Original jeans. original people.,Original jeans. original people.,General
Dove (toiletries),The secret of beautiful hair.,The secret of beautiful hair.,General
Lipton,Be more tea.,Be more tea.,General
Pampers,Discover your babyâs world.,Discover your babyâs world.,General
Coca-Cola,Taste The Feeling.,Taste The Feeling.,Food & Beverage
Papa John's Pizza,Better Ingredients. Better Pizza.,Better Ingredients. Better Pizza.,General
Applebee's,Together is good.,Together is good.,Technology
Chili's,Like no place else.,Like no place else.,General
Winky's,Fast Food Cheap,Fast Food Cheap,General
Wetson's,Buy a bagful.,Buy a bagful.,General
Royal Castle (restaurant chain),Fit for a king!,Fit for a king!,General
Red Barn (restaurant),You'll find more of what you are hankerin',You'll find more of what you are hankerin',General
Bembos,The best burger and more.,The best burger and more.,General
Henry's Hamburgers,Head for Henry's,Head for Henry's,General
Druther's,I'd Ruther Go to Druther's Restaurant.,I'd Ruther Go to Druther's Restaurant.,General
Five Guys,Best Burger,Best Burger,General
Friendly's,Deliciously fun,Deliciously fun,General
Beacon Drive In,we don't change.,we don't change.,General
Aurelio's Pizza,Aurelio's is Pizza!,Aurelio's is Pizza!,General
Sukiya,save time and money,save time and money,General
Orange Julius,A Devilish Good Drink,A Devilish Good Drink,General
Fosters Freeze,Everything at Foster's is wonderful to eat,Everything at Foster's is wonderful to eat,General
Kewpee,Mity Nice Hamburger.,Mity Nice Hamburger.,General
Rax Roast Beef,All the right stuff.,All the right stuff.,General
Del Taco,Feed the Beast,Feed the Beast,General
Fanta,"Drink Fanta, stay Bamboocha.","Drink Fanta, stay Bamboocha.",General
Colgate,"Stronger, healthier gums.","Stronger, healthier gums.",General
Pizza Hut,Make it great.,Make it great.,General
Domino's Pizza,Pizza deliver experts.,Pizza deliver experts.,General
Head & Shoulders,Live head first.,Live head first.,General
Ben & Jerry's,"Peace, love & ice cream.","Peace, love & ice cream.",General
Heineken,It's all about the beer.,It's all about the beer.,Food & Beverage
Gatorade,The Legend Continues.,The Legend Continues.,Food & Beverage
Milo,MILO Everyday!,MILO Everyday!,General
Starbucks,Customize Your Cup.,Customize Your Cup.,General
Audi,Vorsprung durch Technik.,Vorsprung durch Technik.,General
Snickers,Get some nuts!,Get some nuts!,General
NIVEA,More evolved skincare.,More evolved skincare.,General
Nescafe,It all starts with a NescafÃ©.,It all starts with a NescafÃ©.,General
KFC(Kentucky Fried Chicken),Finger Lickin' Good.,Finger Lickin' Good.,General
Levi's Jeans,Original jeans. original people.,Original jeans. original people.,General
Dove (toiletries),The secret of beautiful hair.,The secret of beautiful hair.,General
Lipton,Be more tea.,Be more tea.,General
Pampers,Discover your babyâs world.,Discover your babyâs world.,General
Coca-Cola,Taste The Feeling.,Taste The Feeling.,Food & Beverage
Noodles & Company,Your World Kitchen,Your World Kitchen,General
Steak 'n Shake,Famous for Steakburgers,Famous for Steakburgers,General
Spangles,it just tastes better!,it just tastes better!,General
Mary Brown's,Truly Canadian,Truly Canadian,General
Flunch,Y'a que chez Flunch qu'on peut fluncher,Y'a que chez Flunch qu'on peut fluncher,General
Kirby's Pig Stand,Quick Curb Service,Quick Curb Service,General
Round Table Pizza,The Last Honest Pizza,The Last Honest Pizza,General
Brewers Fayre,Pub Food as it Should Be,Pub Food as it Should Be,General
Big Boy Restaurants,It's your Big Boy,It's your Big Boy,General
Burger Chef,Nowhere else but Burger Chef.,Nowhere else but Burger Chef.,General
Qdoba,Not just big burritos. Big flavors.,Not just big burritos. Big flavors.,General
Steak Escape,Americas Favorite Cheesesteak,Americas Favorite Cheesesteak,General
White Castle,What you crave.,What you crave.,General
Outback Steakhouse,"No rules, just right.","No rules, just right.",General
Red Rooster,It's gotta be red,It's gotta be red,General
Little Caesars,Pizza! Pizza!,Pizza! Pizza!,General
Steers,It Just Tastes Better.,It Just Tastes Better.,General
IHOP,"Come hungry, leave happy.","Come hungry, leave happy.",General
Mr. Sub,Yours Since 1968.,Yours Since 1968.,General
Fryer's,Quality You Can Trust.,Quality You Can Trust.,General
Fanta,"Drink Fanta, stay Bamboocha.","Drink Fanta, stay Bamboocha.",General
Colgate,"Stronger, healthier gums.","Stronger, healthier gums.",General
Pizza Hut,Make it great.,Make it great.,General
Domino's Pizza,Pizza deliver experts.,Pizza deliver experts.,General
Head & Shoulders,Live head first.,Live head first.,General
Ben & Jerry's,"Peace, love & ice cream.","Peace, love & ice cream.",General
Heineken,It's all about the beer.,It's all about the beer.,Food & Beverage
Gatorade,The Legend Continues.,The Legend Continues.,Food & Beverage
Milo,MILO Everyday!,MILO Everyday!,General
Starbucks,Customize Your Cup.,Customize Your Cup.,General
Audi,Vorsprung durch Technik.,Vorsprung durch Technik.,General
Snickers,Get some nuts!,Get some nuts!,General
NIVEA,More evolved skincare.,More evolved skincare.,General
Nescafe,It all starts with a NescafÃ©.,It all starts with a NescafÃ©.,General
KFC(Kentucky Fried Chicken),Finger Lickin' Good.,Finger Lickin' Good.,General
Levi's Jeans,Original jeans. original people.,Original jeans. original people.,General
Dove (toiletries),The secret of beautiful hair.,The secret of beautiful hair.,General
Lipton,Be more tea.,Be more tea.,General
Pampers,Discover your babyâs world.,Discover your babyâs world.,General
Coca-Cola,Taste The Feeling.,Taste The Feeling.,Food & Beverage
Kelseys original Roadhouse,Neighbourhood Bar and Grill.,Neighbourhood Bar and Grill.,General
Hungry Jack's,Makes It Better.,Makes It Better.,General
Twin Peaks,Eats. Drinks. Scenic Views.,Eats. Drinks. Scenic Views.,General
Schlotzsky's,Lotz Better.,Lotz Better.,General
Quiznos,Eat Up.,Eat Up.,General
Chuck E. Cheese's,All You Can Play.,All You Can Play.,General
Krispy Kreme,Happy All Around.,Happy All Around.,General
Harry Ramsden's,World famous fish & chips.,World famous fish & chips.,General
Jimmy John's,Serious delivery.,Serious delivery.,General
Checkers and Rally's,Crazy good food.,Crazy good food.,General
Tim Hortons,Always fresh.,Always fresh.,General
Ground Round,We've got what you like.,We've got what you like.,General
Greggs,Always fresh. Always tasty.,Always fresh. Always tasty.,General
Village Inn,"Good Food, Good Feelings.","Good Food, Good Feelings.",General
Wawa,Gottahava Wawa,Gottahava Wawa,General
Harvey's,To each his burger.,To each his burger.,General
Olive Garden,A Passion for Italy,A Passion for Italy,General
Red Lobster,See whatâs cooking.,See whatâs cooking.,General
Wienerschnitzel,The World's most wanted wiener.,The World's most wanted wiener.,General
Yoshinoya,"Tasty, low-priced, and quick","Tasty, low-priced, and quick",General
Fanta,"Drink Fanta, stay Bamboocha.","Drink Fanta, stay Bamboocha.",General
Colgate,"Stronger, healthier gums.","Stronger, healthier gums.",General
Pizza Hut,Make it great.,Make it great.,General
Domino's Pizza,Pizza deliver experts.,Pizza deliver experts.,General
Head & Shoulders,Live head first.,Live head first.,General
Ben & Jerry's,"Peace, love & ice cream.","Peace, love & ice cream.",General
Heineken,It's all about the beer.,It's all about the beer.,Food & Beverage
Gatorade,The Legend Continues.,The Legend Continues.,Food & Beverage
Milo,MILO Everyday!,MILO Everyday!,General
Starbucks,Customize Your Cup.,Customize Your Cup.,General
Audi,Vorsprung durch Technik.,Vorsprung durch Technik.,General
Snickers,Get some nuts!,Get some nuts!,General
NIVEA,More evolved skincare.,More evolved skincare.,General
Nescafe,It all starts with a NescafÃ©.,It all starts with a NescafÃ©.,General
KFC(Kentucky Fried Chicken),Finger Lickin' Good.,Finger Lickin' Good.,General
Levi's Jeans,Original jeans. original people.,Original jeans. original people.,General
Dove (toiletries),The secret of beautiful hair.,The secret of beautiful hair.,General
Lipton,Be more tea.,Be more tea.,General
Pampers,Discover your babyâs world.,Discover your babyâs world.,General
Coca-Cola,Taste The Feeling.,Taste The Feeling.,Food & Beverage
Long John Silver's,That's what I like.,That's what I like.,General
Fatburger,The last great hamburger stand.,The last great hamburger stand.,General
Jack in the Box,Eat it. Any time.,Eat it. Any time.,General
TCBY,This Countryâs Best Yogurt.,This Countryâs Best Yogurt.,General
Chicken of the Sea,Itâs Americaâs best-tasting tuna,Itâs Americaâs best-tasting tuna,General
Hooters,nearly world famous chicken wings,nearly world famous chicken wings,General
Papa Murphy's,Take nâ Bake Pizza.,Take nâ Bake Pizza.,General
Denny's,Weâre cooking now.,Weâre cooking now.,General
Auntie Anneâs,Pretzel Perfect,Pretzel Perfect,General
Sonic Drive-In,Sonic Everywhere,Sonic Everywhere,General
ConAgra Foods,Food you love,Food you love,General
Ruth's Chris Steakhouse,Lifeâs too short to eat anywhere else.,Lifeâs too short to eat anywhere else.,General
Sizzler,"Great steaks, seafood and salads.","Great steaks, seafood and salads.",General
Taco John's,We prepare every order fresh,We prepare every order fresh,General
Waffle House,Itâs 2am and youâre drunk,Itâs 2am and youâre drunk,General
Popeye's Chicken,Party with Popeyeâs,Party with Popeyeâs,General
Vlasic Pickles,Always the perfect pickle,Always the perfect pickle,General
Bagel Bites,You can prepare them in an instant.,You can prepare them in an instant.,General
Chick-fil-A,Eat Mor Chikin!,Eat Mor Chikin!,General
Rice Krispies,"Snap, Crackle, Pop.","Snap, Crackle, Pop.",General
Fanta,"Drink Fanta, stay Bamboocha.","Drink Fanta, stay Bamboocha.",General
Colgate,"Stronger, healthier gums.","Stronger, healthier gums.",General
Pizza Hut,Make it great.,Make it great.,General
Domino's Pizza,Pizza deliver experts.,Pizza deliver experts.,General
Head & Shoulders,Live head first.,Live head first.,General
Ben & Jerry's,"Peace, love & ice cream.","Peace, love & ice cream.",General
Heineken,It's all about the beer.,It's all about the beer.,Food & Beverage
Gatorade,The Legend Continues.,The Legend Continues.,Food & Beverage
Milo,MILO Everyday!,MILO Everyday!,General
Starbucks,Customize Your Cup.,Customize Your Cup.,General
Audi,Vorsprung durch Technik.,Vorsprung durch Technik.,General
Snickers,Get some nuts!,Get some nuts!,General
NIVEA,More evolved skincare.,More evolved skincare.,General
Nescafe,It all starts with a NescafÃ©.,It all starts with a NescafÃ©.,General
KFC(Kentucky Fried Chicken),Finger Lickin' Good.,Finger Lickin' Good.,General
Levi's Jeans,Original jeans. original people.,Original jeans. original people.,General
Dove (toiletries),The secret of beautiful hair.,The secret of beautiful hair.,General
Lipton,Be more tea.,Be more tea.,General
Pampers,Discover your babyâs world.,Discover your babyâs world.,General
Coca-Cola,Taste The Feeling.,Taste The Feeling.,Food & Beverage
Dunkin' Donuts,Loosen up a little.,Loosen up a little.,General
Church's Chicken,You Bring It Home.,You Bring It Home.,General
Carl's Jr.,Making people happy through food,Making people happy through food,General
A&W,A & W. All American Food.,A & W. All American Food.,General
Dairy Queen,Do something different.,Do something different.,General
Arby's,Slicing up freshness.,Slicing up freshness.,General
Wendy's,Do what tastes right.,Do what tastes right.,General
Domino's Pizza,Pizza deliver experts.,Pizza deliver experts.,General
Pizza Hut,Make it great.,Make it great.,General
Taco Bell,Think outside the bun,Think outside the bun,General
Hardee's,Where the food's the star.,Where the food's the star.,General
Burger King,Have it your way.,Have it your way.,General
Kit Kat,"Have a Break, Have a Kit Kat.","Have a Break, Have a Kit Kat.",General
Subway,Eat Fresh.,Eat Fresh.,General
KFC(Kentucky Fried Chicken),Finger Lickin' Good.,Finger Lickin' Good.,General
McDonalds,Iâm Lovinâ It.,Iâm Lovinâ It.,General
Fanta,"Drink Fanta, stay Bamboocha.","Drink Fanta, stay Bamboocha.",General
Colgate,"Stronger, healthier gums.","Stronger, healthier gums.",General
Pizza Hut,Make it great.,Make it great.,General
Domino's Pizza,Pizza deliver experts.,Pizza deliver experts.,General
Head & Shoulders,Live head first.,Live head first.,General
Ben & Jerry's,"Peace, love & ice cream.","Peace, love & ice cream.",General
Heineken,It's all about the beer.,It's all about the beer.,Food & Beverage
Gatorade,The Legend Continues.,The Legend Continues.,Food & Beverage
Milo,MILO Everyday!,MILO Everyday!,General
Starbucks,Customize Your Cup.,Customize Your Cup.,General
Audi,Vorsprung durch Technik.,Vorsprung durch Technik.,General
Snickers,Get some nuts!,Get some nuts!,General
NIVEA,More evolved skincare.,More evolved skincare.,General
Nescafe,It all starts with a NescafÃ©.,It all starts with a NescafÃ©.,General
KFC(Kentucky Fried Chicken),Finger Lickin' Good.,Finger Lickin' Good.,General
Levi's Jeans,Original jeans. original people.,Original jeans. original people.,General
Dove (toiletries),The secret of beautiful hair.,The secret of beautiful hair.,General
Lipton,Be more tea.,Be more tea.,General
Pampers,Discover your babyâs world.,Discover your babyâs world.,General
Coca-Cola,Taste The Feeling.,Taste The Feeling.,Food & Beverage
